model,accuracy,precision_macro,recall_macro,f1_macro,precision_class_0,recall_class_0,f1_class_0,precision_class_1,recall_class_1,f1_class_1,auc
6_rgb_pose_no_velo_text_soft_lora,0.9325044404973357,0.9335545443053975,0.9329416071293328,0.9324940047961631,0.9592592592592593,0.9055944055944056,0.9316546762589928,0.9078498293515358,0.9602888086642599,0.9333333333333333,0.9770455176592361
