model,accuracy,precision_macro,recall_macro,f1_macro,precision_class_0,recall_class_0,f1_class_0,precision_class_1,recall_class_1,f1_class_1,auc
tvr,0.97,0.9719626168224299,0.9696969696969697,0.9699519230769231,1.0,0.9393939393939394,0.96875,0.9439252336448598,1.0,0.9711538461538461,0.6873062306230624
rlvs_ce_loss,0.97,0.9702732459213292,0.9698969896989699,0.9699879951980792,0.979381443298969,0.9595959595959596,0.9693877551020408,0.9611650485436893,0.9801980198019802,0.9705882352941176,0.8323082308230823
rlvs_baseline,0.64,0.6642857142857143,0.638013801380138,0.6242073122993814,0.725,0.4393939393939394,0.5471698113207547,0.6035714285714285,0.8366336633663366,0.7012448132780082,0.6553655365536555
rlvs_focal,0.9725,0.9732332974272903,0.9723222322232223,0.9724791873854604,0.9895287958115183,0.9545454545454546,0.9717223650385605,0.9569377990430622,0.9900990099009901,0.9732360097323601,0.6995449544954495
ce_tvr,0.9675,0.9691571891240491,0.9672217221722172,0.9674542325144735,0.9946524064171123,0.9393939393939394,0.9662337662337662,0.9436619718309859,0.995049504950495,0.9686746987951808,0.8095934593459346
