model,accuracy,precision_macro,recall_macro,f1_macro,precision_class_0,recall_class_0,f1_class_0,precision_class_1,recall_class_1,f1_class_1,auc
rgb_pose_ablation,0.9925,0.9925373134328358,0.9925742574257426,0.992499953124707,0.9850746268656716,1.0,0.9924812030075187,1.0,0.9851485148514851,0.9925187032418953,0.6863186318631863
