model,accuracy,precision_macro,recall_macro,f1_macro,precision_class_0,recall_class_0,f1_class_0,precision_class_1,recall_class_1,f1_class_1,auc
8_rgb_pose_velo_text,0.9342806394316163,0.9342503785966684,0.9343490444573477,0.9342731744564309,0.9399293286219081,0.9300699300699301,0.9349736379613357,0.9285714285714286,0.9386281588447654,0.933572710951526,0.980264320517028
