model,accuracy,precision_macro,recall_macro,f1_macro,precision_class_0,recall_class_0,f1_class_0,precision_class_1,recall_class_1,f1_class_1,auc
fl_tvr,0.98,0.9802822540286258,0.9798979897989799,0.9799919967987194,0.9896907216494846,0.9696969696969697,0.9795918367346939,0.970873786407767,0.9900990099009901,0.9803921568627451,0.6945194519451947
