model,accuracy,precision_macro,recall_macro,f1_macro,precision_class_0,recall_class_0,f1_class_0,precision_class_1,recall_class_1,f1_class_1,auc
13_rgb_lora,0.91651865008881,0.9176358062227628,0.9161280957309839,0.9163909821950487,0.8996655518394648,0.9405594405594405,0.9196581196581196,0.9356060606060606,0.8916967509025271,0.9131238447319778,0.9774683799954558
