model,accuracy,precision_macro,recall_macro,f1_macro,precision_class_0,recall_class_0,f1_class_0,precision_class_1,recall_class_1,f1_class_1,auc
15_rgb_text_soft_lora,0.91651865008881,0.9183485656257934,0.9160144909242383,0.9163402288384505,0.8943894389438944,0.9475524475524476,0.9202037351443124,0.9423076923076923,0.8844765342960289,0.9124767225325885,0.9762313498775592
