model,accuracy,precision_macro,recall_macro,f1_macro,precision_class_0,recall_class_0,f1_class_0,precision_class_1,recall_class_1,f1_class_1,auc
11_rgb_pose_velo_text_no_lora_with_soft,0.9360568383658969,0.9360202433237417,0.9360972962055994,0.9360469519121545,0.9401408450704225,0.9335664335664335,0.9368421052631579,0.931899641577061,0.9386281588447654,0.935251798561151,0.9795574461639444
