model,accuracy,precision_macro,recall_macro,f1_macro,precision_class_0,recall_class_0,f1_class_0,precision_class_1,recall_class_1,f1_class_1,auc
ce_fl,0.9775,0.9779104402893544,0.9773727372737273,0.9774886036055753,0.9896373056994818,0.9646464646464646,0.9769820971867008,0.966183574879227,0.9900990099009901,0.9779951100244498,0.7334858485848585
