model,accuracy,precision_macro,recall_macro,f1_macro,precision_class_0,recall_class_0,f1_class_0,precision_class_1,recall_class_1,f1_class_1,auc
rgb_pose_predictions,0.7910447761194029,0.7896613190730838,0.8009259259259259,0.7887387387387388,0.8823529411764706,0.75,0.8108108108108109,0.696969696969697,0.8518518518518519,0.7666666666666667,0.9046296296296297
