model,accuracy,precision_macro,recall_macro,f1_macro,precision_class_0,recall_class_0,f1_class_0,precision_class_1,recall_class_1,f1_class_1,auc
dynamic_rgb,0.97,0.9705735161645481,0.9701970197019703,0.96999699969997,0.9514563106796117,0.98989898989899,0.9702970297029703,0.9896907216494846,0.9504950495049505,0.9696969696969697,0.7580383038303832
