model,accuracy,precision_macro,recall_macro,f1_macro,precision_class_0,recall_class_0,f1_class_0,precision_class_1,recall_class_1,f1_class_1,auc
10_text_only,0.8738898756660746,0.874841643863383,0.8734884249324683,0.8736970156563502,0.8595317725752508,0.8986013986013986,0.8786324786324786,0.8901515151515151,0.8483754512635379,0.8687615526802218,0.9420994168286587
