model,accuracy,precision_macro,recall_macro,f1_macro,precision_class_0,recall_class_0,f1_class_0,precision_class_1,recall_class_1,f1_class_1,auc
pose_text,0.6856127886323268,0.7010042440461709,0.6877193203908005,0.6809585554435,0.7607655502392344,0.5559440559440559,0.6424242424242425,0.6412429378531074,0.8194945848375451,0.7194928684627575,0.5650513746181616
