model,accuracy,precision_macro,recall_macro,f1_macro,precision_class_0,recall_class_0,f1_class_0,precision_class_1,recall_class_1,f1_class_1,auc
video_predictions,0.9025,0.9066449708620299,0.903015301530153,0.9023235719518381,0.863013698630137,0.9545454545454546,0.9064748201438849,0.9502762430939227,0.8514851485148515,0.8981723237597912,0.24457445744574458
