model,accuracy,precision_macro,recall_macro,f1_macro,precision_class_0,recall_class_0,f1_class_0,precision_class_1,recall_class_1,f1_class_1,auc
rlvs_ce_loss,0.97,0.9702732459213292,0.9698969896989699,0.9699879951980792,0.979381443298969,0.9595959595959596,0.9693877551020408,0.9611650485436893,0.9801980198019802,0.9705882352941176,0.8323082308230823
