model,accuracy,precision_macro,recall_macro,f1_macro,precision_class_0,recall_class_0,f1_class_0,precision_class_1,recall_class_1,f1_class_1,auc
ce_tvr,0.9675,0.9691571891240491,0.9672217221722172,0.9674542325144735,0.9946524064171123,0.9393939393939394,0.9662337662337662,0.9436619718309859,0.995049504950495,0.9686746987951808,0.8095934593459346
