model,accuracy,precision_macro,recall_macro,f1_macro,precision_class_0,recall_class_0,f1_class_0,precision_class_1,recall_class_1,f1_class_1,auc
rlvs_focal,0.9725,0.9732332974272903,0.9723222322232223,0.9724791873854604,0.9895287958115183,0.9545454545454546,0.9717223650385605,0.9569377990430622,0.9900990099009901,0.9732360097323601,0.6995449544954495
