model,accuracy,precision_macro,recall_macro,f1_macro,precision_class_0,recall_class_0,f1_class_0,precision_class_1,recall_class_1,f1_class_1,auc
14_rgb_pose_velo_lora,0.9236234458259325,0.9235895494131011,0.9236323243543461,0.9236080213313138,0.9263157894736842,0.9230769230769231,0.9246935201401051,0.920863309352518,0.924187725631769,0.9225225225225225,0.9745777688015955
