model,accuracy,precision_macro,recall_macro,f1_macro,precision_class_0,recall_class_0,f1_class_0,precision_class_1,recall_class_1,f1_class_1,auc
pose_fusion_ce_tvr,0.9625,0.9626641651031895,0.9624212421242124,0.9624885121068327,0.9692307692307692,0.9545454545454546,0.9618320610687023,0.9560975609756097,0.9702970297029703,0.9631449631449631,0.7322982298229823
