model,accuracy,precision_macro,recall_macro,f1_macro,precision_class_0,recall_class_0,f1_class_0,precision_class_1,recall_class_1,f1_class_1,auc
9_text_with_soft,0.8632326820603907,0.8638958507379559,0.8628853096362121,0.8630598700441294,0.8518518518518519,0.8846153846153846,0.8679245283018868,0.8759398496240601,0.8411552346570397,0.858195211786372,0.9338946252303654
