model,accuracy,precision_macro,recall_macro,f1_macro,precision_class_0,recall_class_0,f1_class_0,precision_class_1,recall_class_1,f1_class_1,auc
19_rgb_text_lora,0.9271758436944938,0.9283343468126077,0.9267880134306127,0.9270644738297233,0.9096989966555183,0.951048951048951,0.9299145299145299,0.946969696969697,0.9025270758122743,0.9242144177449169,0.9826942011057535
