model,accuracy,precision_macro,recall_macro,f1_macro,precision_class_0,recall_class_0,f1_class_0,precision_class_1,recall_class_1,f1_class_1,auc
17_pose_velo_text_soft_lora,0.8472468916518651,0.8479128764908026,0.8476054631289289,0.8472348427482457,0.8676470588235294,0.8251748251748252,0.8458781362007168,0.8281786941580757,0.8700361010830325,0.8485915492957746,0.9170432455631012
