model,accuracy,precision_macro,recall_macro,f1_macro,precision_class_0,recall_class_0,f1_class_0,precision_class_1,recall_class_1,f1_class_1,auc
12_rgb_pose_no_velo_lora,0.9253996447602132,0.9253867898336741,0.9254941809093433,0.925393760411934,0.9326241134751773,0.9195804195804196,0.926056338028169,0.9181494661921709,0.9314079422382672,0.9247311827956989,0.9745399005326802
