model,accuracy,precision_macro,recall_macro,f1_macro,precision_class_0,recall_class_0,f1_class_0,precision_class_1,recall_class_1,f1_class_1,auc
tvr,0.97,0.9719626168224299,0.9696969696969697,0.9699519230769231,1.0,0.9393939393939394,0.96875,0.9439252336448598,1.0,0.9711538461538461,0.6873062306230624
